Campaign,Ad group,Keyword,Match type
Harmony Moments - Search,Proposals,proposal picnic sydney,Exact
Harmony Moments - Search,Proposals,proposal setup sydney,Exact
Harmony Moments - Search,Proposals,marriage proposal setup sydney,Exact
Harmony Moments - Search,Proposals,proposal decoration sydney,Exact
Harmony Moments - Search,Proposals,romantic proposal sydney,Exact
Harmony Moments - Search,Proposals,proposal planner sydney,Exact
Harmony Moments - Search,Proposals,engagement proposal setup sydney,Exact
Harmony Moments - Search,Proposals,proposal picnic setup,Exact
Harmony Moments - Search,Proposals,marry me sign hire sydney,Exact
Harmony Moments - Search,Proposals,proposal arch hire sydney,Exact
Harmony Moments - Search,Proposals,proposal picnic,Phrase
Harmony Moments - Search,Proposals,proposal setup,Phrase
Harmony Moments - Search,Proposals,proposal styling sydney,Phrase
Harmony Moments - Search,Proposals,surprise proposal sydney,Phrase
Harmony Moments - Search,Proposals,proposal ideas sydney,Phrase
Harmony Moments - Search,Proposals,beach proposal sydney,Phrase
Harmony Moments - Search,Proposals,harbour proposal sydney,Phrase
Harmony Moments - Search,Proposals,proposal package sydney,Phrase
Harmony Moments - Search,Date Nights,romantic picnic sydney,Exact
Harmony Moments - Search,Date Nights,date night picnic sydney,Exact
Harmony Moments - Search,Date Nights,picnic for two sydney,Exact
Harmony Moments - Search,Date Nights,romantic picnic setup sydney,Exact
Harmony Moments - Search,Date Nights,luxury picnic for two sydney,Exact
Harmony Moments - Search,Date Nights,date night ideas sydney,Exact
Harmony Moments - Search,Date Nights,romantic date setup sydney,Exact
Harmony Moments - Search,Date Nights,picnic date sydney,Exact
Harmony Moments - Search,Date Nights,romantic picnic,Phrase
Harmony Moments - Search,Date Nights,date night picnic,Phrase
Harmony Moments - Search,Date Nights,picnic for two,Phrase
Harmony Moments - Search,Date Nights,romantic setup sydney,Phrase
Harmony Moments - Search,Date Nights,luxury picnic sydney,Phrase
Harmony Moments - Search,Date Nights,romantic dinner setup sydney,Phrase
Harmony Moments - Search,Date Nights,surprise date sydney,Phrase
Harmony Moments - Search,Anniversaries,anniversary picnic sydney,Exact
Harmony Moments - Search,Anniversaries,anniversary setup sydney,Exact
Harmony Moments - Search,Anniversaries,anniversary ideas sydney,Exact
Harmony Moments - Search,Anniversaries,anniversary decoration sydney,Exact
Harmony Moments - Search,Anniversaries,anniversary surprise sydney,Exact
Harmony Moments - Search,Anniversaries,romantic anniversary sydney,Exact
Harmony Moments - Search,Anniversaries,anniversary celebration sydney,Exact
Harmony Moments - Search,Anniversaries,anniversary dinner setup sydney,Exact
Harmony Moments - Search,Anniversaries,anniversary picnic,Phrase
Harmony Moments - Search,Anniversaries,anniversary setup,Phrase
Harmony Moments - Search,Anniversaries,anniversary styling sydney,Phrase
Harmony Moments - Search,Anniversaries,anniversary surprise,Phrase
Harmony Moments - Search,Anniversaries,wedding anniversary sydney,Phrase
Harmony Moments - Search,Anniversaries,anniversary package sydney,Phrase
Harmony Moments - Search,Birthdays,birthday picnic sydney,Exact
Harmony Moments - Search,Birthdays,birthday picnic setup sydney,Exact
Harmony Moments - Search,Birthdays,birthday setup sydney,Exact
Harmony Moments - Search,Birthdays,luxury picnic birthday sydney,Exact
Harmony Moments - Search,Birthdays,birthday party picnic sydney,Exact
Harmony Moments - Search,Birthdays,birthday decoration sydney,Exact
Harmony Moments - Search,Birthdays,picnic birthday party sydney,Exact
Harmony Moments - Search,Birthdays,outdoor birthday sydney,Exact
Harmony Moments - Search,Birthdays,birthday picnic,Phrase
Harmony Moments - Search,Birthdays,birthday picnic setup,Phrase
Harmony Moments - Search,Birthdays,birthday styling sydney,Phrase
Harmony Moments - Search,Birthdays,birthday party setup sydney,Phrase
Harmony Moments - Search,Birthdays,picnic party sydney,Phrase
Harmony Moments - Search,Birthdays,birthday ideas sydney,Phrase
Harmony Moments - Search,Baby Showers,baby shower picnic sydney,Exact
Harmony Moments - Search,Baby Showers,baby shower setup sydney,Exact
Harmony Moments - Search,Baby Showers,baby shower styling sydney,Exact
Harmony Moments - Search,Baby Showers,baby shower decoration sydney,Exact
Harmony Moments - Search,Baby Showers,outdoor baby shower sydney,Exact
Harmony Moments - Search,Baby Showers,baby shower venue sydney,Exact
Harmony Moments - Search,Baby Showers,baby shower ideas sydney,Exact
Harmony Moments - Search,Baby Showers,baby shower party sydney,Exact
Harmony Moments - Search,Baby Showers,baby shower picnic,Phrase
Harmony Moments - Search,Baby Showers,baby shower setup,Phrase
Harmony Moments - Search,Baby Showers,baby shower styling,Phrase
Harmony Moments - Search,Baby Showers,baby shower balloon arch sydney,Phrase
Harmony Moments - Search,Baby Showers,baby shower package sydney,Phrase
Harmony Moments - Search,Bridal Showers,bridal shower picnic sydney,Exact
Harmony Moments - Search,Bridal Showers,bridal shower setup sydney,Exact
Harmony Moments - Search,Bridal Showers,bridal shower styling sydney,Exact
Harmony Moments - Search,Bridal Showers,hens party picnic sydney,Exact
Harmony Moments - Search,Bridal Showers,bridal shower ideas sydney,Exact
Harmony Moments - Search,Bridal Showers,hens picnic sydney,Exact
Harmony Moments - Search,Bridal Showers,bridal shower venue sydney,Exact
Harmony Moments - Search,Bridal Showers,bridal shower decoration sydney,Exact
Harmony Moments - Search,Bridal Showers,bridal shower picnic,Phrase
Harmony Moments - Search,Bridal Showers,bridal shower setup,Phrase
Harmony Moments - Search,Bridal Showers,bridal shower styling,Phrase
Harmony Moments - Search,Bridal Showers,hens party setup sydney,Phrase
Harmony Moments - Search,Bridal Showers,kitchen tea sydney,Phrase
Harmony Moments - Search,Bridal Showers,bridal shower package sydney,Phrase
Harmony Moments - Search,,free,Campaign Negative Broad
Harmony Moments - Search,,cheap,Campaign Negative Broad
Harmony Moments - Search,,diy,Campaign Negative Broad
Harmony Moments - Search,,jobs,Campaign Negative Broad
Harmony Moments - Search,,job,Campaign Negative Broad
Harmony Moments - Search,,hiring,Campaign Negative Broad
Harmony Moments - Search,,salary,Campaign Negative Broad
Harmony Moments - Search,,basket,Campaign Negative Broad
Harmony Moments - Search,,hamper,Campaign Negative Broad
Harmony Moments - Search,,blanket,Campaign Negative Broad
Harmony Moments - Search,,equipment,Campaign Negative Broad
Harmony Moments - Search,,wholesale,Campaign Negative Broad
Harmony Moments - Search,,supplies,Campaign Negative Broad
Harmony Moments - Search,,course,Campaign Negative Broad
Harmony Moments - Search,,how to make,Campaign Negative Broad
Harmony Moments - Search,,template,Campaign Negative Broad
Harmony Moments - Search,,clipart,Campaign Negative Broad
Harmony Moments - Search,,melbourne,Campaign Negative Broad
Harmony Moments - Search,,brisbane,Campaign Negative Broad
Harmony Moments - Search,,perth,Campaign Negative Broad
Harmony Moments - Search,,adelaide,Campaign Negative Broad
Harmony Moments - Search,,canberra,Campaign Negative Broad
Harmony Moments - Search,,gold coast,Campaign Negative Broad
Harmony Moments - Search,,hobart,Campaign Negative Broad
Harmony Moments - Search,,darwin,Campaign Negative Broad
Harmony Moments - Search,,newcastle,Campaign Negative Broad
Harmony Moments - Search,,wollongong,Campaign Negative Broad
Harmony Moments - Search,,central coast,Campaign Negative Broad
Harmony Moments - Search,,second hand,Campaign Negative Broad
Harmony Moments - Search,,gumtree,Campaign Negative Broad
Harmony Moments - Search,,restaurant,Campaign Negative Broad
Harmony Moments - Search,,cafe,Campaign Negative Broad
Harmony Moments - Search,,council permit,Campaign Negative Broad
Harmony Moments - Search,,rental only,Campaign Negative Broad
Harmony Moments - Search,,food only,Campaign Negative Broad
Harmony Moments - Search,,catering only,Campaign Negative Broad
